0;React JS;
0;Angular;
0;Flask;
0;Node JS;
0;Django;
0;Express;
0;Rails;
0;Spring;
0;Laravel;
0;Backbone.JS;
0;Vue.JS;
0;Symfony;
0;Zend Framework;
0;Codelgniter;
0;CakePHP;
0;Yii Framework;
0;Meteor Framework;
0;Proton Native;
0;NW.JS;
0;Mithril.JS;
0;Polymer Project;
0;ASP.net;
0;Slim;
0;FuelPHP;
0;Phalcon;
0;Fat-Free Framework;
0;Bootstrap;
0;Material UI;
0;Skeleton;
0;Foundation;
0;Pure.CSS;
0;Semantic UI;
0;Milligram;
0;Materialize;
0;Knaccs;
0;Flutter;
0;Ionic;
0;JQuery;
0;Pyramid;
0;Bottle;
0;TurboGears;
0;CherryPy;
0;Aurelia;
0;Kube;
0;Vuetify;
0;Next.JS;
0;Electron;
0;Drupal;
0;Web2Py;
0;Sinatra;